목록,게시글번호,제목,작성자,작성일,가격,조회수,판매여부,롱고니,버팔로,인빗큐
1,749543,인피니티 뉴욕에디션 판매합니다,msi2705,2021-02-04 18:34:52,980000,0,True,False,False,False
2,749542,무사시 하기8검 324-48,kmg6893,2021-02-04 18:32:13,5500000,28,True,False,False,False
3,749540,22L 하대,twinskil,2021-02-04 18:29:58,450000,28,True,False,False,False
4,749539,레인보우흑단+아담12맥스 분양,gusals355,2021-02-04 18:26:44,1800000,35,True,False,False,False
5,749537,아담 12맥스 검링 8맥스 검링,ckdrbs011,2021-02-04 18:23:48,330000,19,True,False,False,False
6,749536,신림동 레인보우 상대 팝니다,sl1att,2021-02-04 18:21:36,180000,28,True,False,False,False
7,749534,아담 12max(거의 새거),twinskil,2021-02-04 18:19:13,400000,29,True,False,False,False
8,749533,아담 뮤겐,pcy6723,2021-02-04 18:17:17,650000,39,True,False,False,False
9,749531,보이스카웃 조인트 10산,buzsp,2021-02-04 18:15:56,50000,36,True,False,False,False
10,749530,한밭 레인보우 하대팝니다(105만원),garden0077,2021-02-04 18:15:29,1050000,80,True,False,False,False
11,749529,"롱고니 익스텐션키트, 쿠드롱 줄판 팝니다.",mkj71855,2021-02-04 18:15:07,45000,29,True,True,False,False
12,749528,"S30K69, TK-12 둘 다 레디얼입니다.",wanghon,2021-02-04 18:15:05,360000,22,True,False,False,False
13,749526,아담 12맥 프로악스 노멀,ckdrbs011,2021-02-04 18:11:16,300000,32,True,False,False,False
14,749524,롱고니  레이오브나이트 VP2 19년식  상대2자루 A급 팝니다.,jbj3065,2021-02-04 18:10:57,1300000,41,True,True,False,False
15,749518,아담12맥스래디얼(판매및)교환합니다,oxoxqq74,2021-02-04 18:04:02,420000,35,True,False,False,False
16,749517,마에스트로 쉐도우버드레드상대 팝니다(신품),madguy525,2021-02-04 18:03:52,670000,48,True,False,False,False
17,749516,에이블 아큐라 코어 통상대 판매합니다.,k1tank0624,2021-02-04 18:02:12,110000,23,True,False,False,False
18,749515,마에스트로 에보니 팝니다,vovguswls815,2021-02-04 18:01:59,2700000,65,True,False,False,False
19,749514,스트록 연습 및 3팁 연습용 트윈 하드볼 판매합니다,trombone77,2021-02-04 17:59:11,70000,65,True,False,False,False
20,749513,제스트 레드 스트레이트 판매합니다.,k1tank0624,2021-02-04 17:59:04,380000,39,True,False,False,False
21,749543,인피니티 뉴욕에디션 판매합니다,msi2705,2021-02-04 18:34:52,980000,0,True,False,False,False
22,749542,무사시 하기8검 324-48,kmg6893,2021-02-04 18:32:13,5500000,28,True,False,False,False
23,749540,22L 하대,twinskil,2021-02-04 18:29:58,450000,28,True,False,False,False
24,749539,레인보우흑단+아담12맥스 분양,gusals355,2021-02-04 18:26:44,1800000,35,True,False,False,False
25,749537,아담 12맥스 검링 8맥스 검링,ckdrbs011,2021-02-04 18:23:48,330000,19,True,False,False,False
26,749536,신림동 레인보우 상대 팝니다,sl1att,2021-02-04 18:21:36,180000,28,True,False,False,False
27,749534,아담 12max(거의 새거),twinskil,2021-02-04 18:19:13,400000,29,True,False,False,False
28,749533,아담 뮤겐,pcy6723,2021-02-04 18:17:17,650000,39,True,False,False,False
29,749531,보이스카웃 조인트 10산,buzsp,2021-02-04 18:15:56,50000,36,True,False,False,False
30,749530,한밭 레인보우 하대팝니다(105만원),garden0077,2021-02-04 18:15:29,1050000,80,True,False,False,False
31,749529,"롱고니 익스텐션키트, 쿠드롱 줄판 팝니다.",mkj71855,2021-02-04 18:15:07,45000,29,True,True,False,False
32,749528,"S30K69, TK-12 둘 다 레디얼입니다.",wanghon,2021-02-04 18:15:05,360000,22,True,False,False,False
33,749526,아담 12맥 프로악스 노멀,ckdrbs011,2021-02-04 18:11:16,300000,32,True,False,False,False
34,749524,롱고니  레이오브나이트 VP2 19년식  상대2자루 A급 팝니다.,jbj3065,2021-02-04 18:10:57,1300000,41,True,True,False,False
35,749518,아담12맥스래디얼(판매및)교환합니다,oxoxqq74,2021-02-04 18:04:02,420000,35,True,False,False,False
36,749517,마에스트로 쉐도우버드레드상대 팝니다(신품),madguy525,2021-02-04 18:03:52,670000,48,True,False,False,False
37,749516,에이블 아큐라 코어 통상대 판매합니다.,k1tank0624,2021-02-04 18:02:12,110000,23,True,False,False,False
38,749515,마에스트로 에보니 팝니다,vovguswls815,2021-02-04 18:01:59,2700000,65,True,False,False,False
39,749514,스트록 연습 및 3팁 연습용 트윈 하드볼 판매합니다,trombone77,2021-02-04 17:59:11,70000,65,True,False,False,False
40,749513,제스트 레드 스트레이트 판매합니다.,k1tank0624,2021-02-04 17:59:04,380000,39,True,False,False,False
41,749511,"(급매)18년식 한밭10 컬러플 버드아이 상하대(보증서0,가방0,써비스0)",foome76,2021-02-04 17:57:34,750000,110,True,False,False,False
42,749510,jbs3달사용cpro10 상대 15일사용한cs컬리상대 일괄 정리,kimargan,2021-02-04 17:54:25,530000,27,True,False,False,False
43,749504,가격인하)에이블 pro18s .아큐라 12쪽코어상대조합 팝니다,kangkap18,2021-02-04 17:48:50,1000000,28,True,False,False,False
44,749502,에이블 아큐라   코어 10산 상대(킹블랙m팁) *가격수정* 11만원 급매,62vhqud,2021-02-04 17:47:52,110000,15,True,False,False,False
45,749501,블루나이트 팝니다 ,myybk3285,2021-02-04 17:47:46,530000,93,True,False,False,False
46,749500,12맥스 10산 블랙링 31만 팝니다.,trombone77,2021-02-04 17:47:26,310000,33,True,False,False,False
47,749498,레인보우 스네이크 판매합니다.,cjh8318,2021-02-04 17:45:44,1900000,98,True,False,False,False
48,749494,☆☆한밭 마에스트로 마에 컬리 레드상대 판매(신품급)☆☆,korahn19,2021-02-04 17:40:32,550000,138,False,False,False,False
49,749493,롱고니 S30k69 (vp2) 판매 및 교환,tlsry1gh,2021-02-04 17:37:33,280000,54,True,True,False,False
50,749490,블맘 수제상대팝니다,yum_aa,2021-02-04 17:26:34,500000,37,True,False,False,False
51,749485,한밭 22-L 교환!!,sexy4516,2021-02-04 17:16:04,12345,126,True,False,False,False
52,749483,한밭 플러스파이브(플러스5)하대 팝니다,baekdaehyun,2021-02-04 17:11:39,250000,174,True,False,False,False
53,749482,헬릭스당구공 판매합니다,jwj2942,2021-02-04 17:11:11,60000,182,False,False,False,False
54,749480,고리나코코하대,oriduck11,2021-02-04 17:08:33,300000,55,True,False,False,False
55,749479,아라미스 61.5mm 3구공 팝니다,cybersun81,2021-02-04 17:07:54,80000,55,True,False,False,False
56,749478,산체스H팁 판매합니다.,sexysh5,2021-02-04 17:07:41,36000,64,True,False,False,False
57,749475,[인천] 아담 버터  jc1801 12MAX 조합,sksrnwkgjs,2021-02-04 17:06:05,1300000,93,True,False,False,False
58,749473,몰리나리 허큐 (버건디) 급 판매합니다~,livelloll,2021-02-04 17:03:05,1200000,170,True,False,False,False
59,749472,[대리판매] [가격인하]                                       롱고니 술탄 풀셋 판매합니다.,ojkwon84,2021-02-04 16:57:19,1450000,160,True,True,False,False
60,749471,에이블 V6하대악스상대,1031sgk,2021-02-04 16:52:00,400000,97,True,False,False,False
61,749470,명우큐 판매 합니다~~~,citykansas,2021-02-04 16:49:54,2800000,174,True,False,False,False
62,749467,jbs 재규어 mcj (쵸클루1) 판매나 교환 합니다,slswk76,2021-02-04 16:46:38,700000,47,True,False,False,False
63,749466,프레데터 익스텐션,yxli0102,2021-02-04 16:45:55,100000,44,True,False,False,False
64,749458,롱고니 컬렉션  신동품 팝니다,florist106,2021-02-04 16:40:56,5500000,174,True,True,False,False
65,749456,한솔 명작 목조인트 팝니다,choitae1010,2021-02-04 16:39:09,1500000,161,True,False,False,False
66,749454,마에 컬리 블루 상대 팝니다,dodot12,2021-02-04 16:38:28,500000,114,True,False,False,False
67,749453,루나네라 E71 vp2 새제품 판매합니다.,ing5994,2021-02-04 16:36:34,2000,191,True,False,False,False
68,749452,플러스프로 마에버드상대 팜니다,kjh0102001,2021-02-04 16:33:25,1400000,123,True,False,False,False
69,749449,오산) 가방및 팁 레디얼조인트캡일괄,cwy18th,2021-02-04 16:32:19,80000,120,False,False,False,False
70,749444,프로악스 10산 신품급 팝니다,kcorftt,2021-02-04 16:23:55,300000,94,True,False,False,False
71,749443,아담 본하기 버터 목조인트,mmmk5150,2021-02-04 16:21:23,2200000,177,True,False,False,False
72,749440,무사시 죠몬8검(409-13) 팝니다,jibi288,2021-02-04 16:14:09,7800000,381,True,False,False,False
73,749436,◆◆ 한밭 플러스8 ◆◆,speedmaxx,2021-02-04 16:01:01,780000,193,True,False,False,False
74,749435,빌킹큐크리너(꼽는 타입),kch9854,2021-02-04 15:58:50,100000,64,False,False,False,False
75,749434,프레데터 레보 상대 ULD 신품급 판매합니다.,nextern,2021-02-04 15:58:03,900000,116,True,False,False,False
76,749433,허큐 버건디를 다른 큐로 교환원합니다,starrsed,2021-02-04 15:57:36,1234567,115,True,False,False,False
77,749431,신품급 아담 악스상대 팝니다.,jin020128,2021-02-04 15:54:52,260000,89,True,False,False,False
78,749430,무사시 타모 올죠몬 스트레이트 판매및 교환합니다,qbzkxl,2021-02-04 15:53:57,3350000,319,True,False,False,False
79,749429,에보큐 투우드스트레이트  26만,007dadada,2021-02-04 15:53:16,260000,98,True,False,False,False
80,749427,TPOK 1x2  큐케이스 핑크 판매,dlgusql3979,2021-02-04 15:51:16,120000,161,True,False,False,False
81,749426,아담뮤겐9,bruslee63,2021-02-04 15:49:15,1050000,111,True,False,False,False
82,749424,프레데터 ikon5 판매 합니다~~~,hwanee35,2021-02-04 15:42:47,1000000,110,True,False,False,False
83,749423,몰리나리 sp18 블랙 판매합니다.,sbk6485,2021-02-04 15:42:20,950000,113,True,False,False,False
84,749421,달력 필요하신 분? [무료나눔완료],cybersun81,2021-02-04 15:39:35,3500,374,False,False,False,False
85,749420,루츠케이 벌우드 12검 판매,wlsjsl007,2021-02-04 15:39:29,2200000,126,True,False,False,False
86,749419,10산 악스 슈퍼컬리 -&gt; 프악 슈컬 10산 교환 해봅니다^^,aghddydvy,2021-02-04 15:39:21,123456,138,True,False,False,False
87,749417,레디얼 상대 두개 팔아요.,wwehoi,2021-02-04 15:33:37,450000,155,True,False,False,False
88,749415,에이블 V 7  상하대 익스텐션 기본가방,ilsu5007,2021-02-04 15:29:46,1000000,85,True,False,False,False
89,749414,롱고니 빅토리아,gc0902,2021-02-04 15:29:00,2350000,238,True,True,False,False
90,749413,nds6뮤겐,leeguh07,2021-02-04 15:28:59,1350000,113,True,False,False,False
91,749412,래디얼 8악스,leeguh07,2021-02-04 15:28:46,340000,78,True,False,False,False
92,749410,올란도 마그마  판매,kimkim9893,2021-02-04 15:27:20,1500000,174,True,False,False,False
93,749408,제스트 홍목 장하기 8악스 조합 팝니다,bkh4862,2021-02-04 15:21:46,1300000,102,True,False,False,False
94,749405,타이거 X2-C1 사사키컬리R 판매,skswl0514,2021-02-04 15:19:24,700000,105,True,False,False,False
95,749404,에이블 pro 24검 c 판매합니다,k1s00,2021-02-04 15:18:27,1350000,115,True,False,False,False
96,749403,젠2-12,sik_445,2021-02-04 15:17:32,1600000,128,True,False,False,False
97,749401,롱고니 아르모니아 팝니다 (목조인트),craft104,2021-02-04 15:14:00,1400000,192,True,True,False,False
98,749400,레인보우흑단+상대2  팔아요(레디얼),hsjbjh,2021-02-04 15:12:57,1700000,188,True,False,False,False
99,749399,롱고니 더킹 + 루나 네라 + 20익스텐도 + 스텔라 가방,contechcv,2021-02-04 15:11:38,1800000,342,True,True,False,False
100,749398,큐브나인 컬리 상대 판매,qkrdmscks11,2021-02-04 15:11:04,520000,166,True,False,False,False
101,749396,◆◆ 한밭 플러스프로 ◆◆,speedmaxx,2021-02-04 15:05:58,990000,191,True,False,False,False
102,749393,◆◆ JBS JG 06 ◆◆,speedmaxx,2021-02-04 15:02:46,660000,118,True,False,False,False
103,749392,한밭 일레븐 + 마에 버드 조합(블루) 팝니다,wjdwodn1234,2021-02-04 15:02:32,1200000,223,True,False,False,False
104,749391,[★★★판매★★★]에이블 뉴 24검 CWT 판매합니다.,drabird,2021-02-04 15:02:05,1200000,91,True,False,False,False
105,749390,무사시 불꽃버마 322-9번 판매및교환 ,vnffn77,2021-02-04 15:01:43,12245,419,True,False,False,False
106,749389,롱고니 아말리아 목조인트,dustin-,2021-02-04 14:55:01,12345,231,False,True,False,False
107,749388,슐러 컬리상대(VP2),n76048031,2021-02-04 14:54:38,250000,75,True,True,False,False
108,749387,고리나 퍼플하트 스트레이트,gbkpro,2021-02-04 14:54:26,400000,107,True,False,False,False
109,749385,마에스트로 풀셋 판매,emaofm,2021-02-04 14:52:54,3000000,298,True,False,False,False
110,749384,아담무사시 야마토 스페셜 2016년식,skyzz741,2021-02-04 14:52:51,2200000,177,True,False,False,False
111,749383,JBS 조재호 12검,wjswn0410,2021-02-04 14:52:21,2250000,145,True,False,False,False
112,749382,●□ K큐 올죠몬 불꽃7단버터 판매합니다 □●,eurewrp,2021-02-04 14:50:49,123456,199,True,False,False,False
113,749381,롱고니 마니피카 상대2개조합 팝니다,colaryong,2021-02-04 14:50:41,2000000,73,True,True,False,False
114,749378,★ 롱고니 아말리아 옥타고날 vp2 ★ 판매합니다,analog1003,2021-02-04 14:49:06,2400000,214,True,True,False,False
115,749377,아큐라 12쪽 상대 팝니다.,dawn4725,2021-02-04 14:48:45,130000,56,True,False,False,False
116,749376,TAS 2×4 가방,gbkpro,2021-02-04 14:46:27,160000,148,True,False,False,False
117,749375,K큐 올죠몬 7단 버터 급매,aghddydvy,2021-02-04 14:44:37,2700000,350,True,False,False,False
118,749374,프로악스 슈컬 판매,qkrdmscks11,2021-02-04 14:43:19,850000,242,False,False,False,False
119,749373,무사시 Im16p 상하16검 스네이크우드,chzhfld123,2021-02-04 14:42:57,1900000,173,True,False,False,False
120,749372,무사시 스트레이트 팝니다(대리판매),wjdwodn1234,2021-02-04 14:40:17,1500000,194,True,False,False,False
